COMPYEAR,PLACE,NAME,YEAR,TEAM,TIME,SCORE
2025,1,Terence Williams,Freshman,Cerritos,47.93,10
2025,2,Finn Gohlke,Freshman,Merritt,48.26,8
2025,3,Fernando Valenzuela,Sophomore,East LA,48.56,6
2025,4,Brendan Clark,Sophomore,Orange Coast,48.86,5
2025,5,Orlando Collins,Freshman,Riverside,48.92,4
2025,6,Zachary Early,Freshman,Modesto,49.11,3
2025,7,Dante Robinson,Sophomore,Fresno,49.51,2
2025,8,Jax Bonney,Freshman,San Mateo,49.86,1
2025,9,Konnor Handy,Sophomore,Cerritos,50.06,0
2024,1,Joey Stout,Freshman,Modesto,46.82,10
2024,2,Ryan Rivituso,Sophomore,Mt. SAC,46.84,8
2024,3,Michael Holland,Sophomore,Moorpark,47.44,6
2024,4,Luke Yruretagoyena,Sophomore,San Diego Mesa College,47.59,5
2024,5,Joshua Morinaga,Sophomore,Mt. SAC,47.77,4
2024,6,Jaylend Howard,Sophomore,Mt. SAC,47.89,3
2024,7,Quincy Patton,,Clovis CC,48.17,2
2024,8,Malik Bolton,Sophomore,Sequoias,48.38,1
2024,9,Victor Amasowomwan,Freshman,Sacramento,48.52,0
2023,1,Kwaku Owusu,Sophomore,Merritt,47.77,10
2023,2,Jordon Smith,Sophomore,West Los Angeles,48.09,8
2023,3,Nick Felix,Freshman,Mt. SAC,48.11,6
2023,4,Amaree Berry,Sophomore,Cuyamaca,48.29,5
2023,5,Colby Owens,Sophomore,Cerritos,48.85,4
2023,6,Malachi Cox,Sophomore,Modesto,48.96,3
2023,7,Gabe Martinez,Sophomore,San Joaquin Delta,49.48,2
2023,8,Quincy Patton,,Clovis CC,49.7,1
2023,9,Fernando Valenzuela,Freshman,East LA,50.53,0
2022,1,Anthony Coleman,Freshman,Merritt,47.46,10
2022,2,Jesus Chavez,Freshman,Mt. SAC,47.52,8
2022,3,Jordon Smith,Freshman,West Los Angeles,48.48,6
2022,4,Aeden Fernandez,Freshman,San Joaquin Delta,48.82,5
2022,5,Nicholas Balint,Freshman,Moorpark,48.95,4
2022,6,Ryan Rivituso,Freshman,Orange Coast,49.13,3
2022,7,Johnny Goode,Freshman,San Mateo,49.41,2
2022,8,Jalydon Love,Freshman,Santa Rosa,49.63,1
2022,9,Xavier Bradford,Freshman,San Diego Mesa College,50.11,0